City,Name (EN),Name (AR),Category,District / Address,Phone,WhatsApp / Emergency,Web / Social,Services,Notes
Riyadh,Animal Pulse Hospital,,Vet hospital (cats & dogs),Al Yasmin,+966 54 465 122,,animalpulsehospital.com | IG @animalpulsevet,"Wellness exams, microchipping, vaccination, surgery, dental, radiology, hospitalization, pet relocation",Daily 10:00-23:00; cat spay ~SAR1278 / neuter ~SAR925
Riyadh,Elite Veterinary Clinic,عيادة النخبة البيطرية التخصصية,Vet hospital (multi-specialty),Qurtubah,920011626,,elitevetksa.com | IG @elitevetksa,"Consultation, vaccination, spay/neuter, orthopaedics/neurosurgery, cardiac surgery, internal medicine",Daily 09:00-22:00; 9 specialist vets
Riyadh,Dr. Tom's Advanced Veterinary Clinic,,Vet clinic (24h) + pet shop,Al Aqiq (Emir Mahmoud Bin Saad),+966 53 339 9462,,drtom-clinic.com | IG @drtom_sa,"Emergency, surgery, deliveries, vaccination, grooming, pet shop",24/7 Sat-Thu; Fri emergencies only
Riyadh,Prime Vet Clinic,عيادة بيطرية تخصصية,Specialty vet clinic + pet shop,Al Waha,+966 50 242 2728,,primevetclinic.com | IG @primevetclinicsa,"Vaccination, ultrasound, blood/hormone testing, cardiology, surgery, spay/neuter",Daily 15:30-23:30
Riyadh,Karaman Veterinary Clinic,عيادة كرمان البيطرية,Vet clinic + home/mobile,Aziziyah,050 702 0017 | 011 214 1441,,karamanvet.sa | info@karamanvet.sa,"Grooming, vaccination, lab diagnostics, ultrasound, ICU, spay/neuter",Sat-Thu 09:00-23:00; free consultation
Riyadh,Premier Veterinary Centre,مركز عيادة الرائدة البيطرية التخصصية,Specialist vet centre,7994 Khalid bin Al Waleed St, Al Hamra 13216,+966 11 221 6000,,premiervetsa.com | IG @premiervetsa,"General & specialist care, surgery, diagnostics",
Riyadh,Minipet Clinic,,Vet clinic + boarding,Anas Bin Malik St, Al Yasmeen,N/A,,minipetclinic.com,"Examination, surgery, emergency, boarding",Contact via website
Riyadh,Advanced Pet Clinic,,Vet clinic + boarding & grooming,Abi Bakr Al Siddiq Rd (Exit 6), Al Masif 11492,920007144 | +966 11 263 7244,+966 11 263 7144,adpetclinic.com,"Consultation, vaccination, dental, surgery, x-ray, lab, ultrasound, boarding, grooming",Established 2008
Riyadh,Top Vet Clinic,عيادة القمة التخصصية البيطرية,Specialist vet clinic,Makkah Rd / Khurais, Al-Ruba,011 445 4433,+966 11 445 5533 (WhatsApp),sites.google.com/view/topvet1 | IG @topvet_clinic,"Full veterinary services, modern diagnostics",
Riyadh,Ideal Pet Veterinary Clinic,,Vet clinic + grooming (clinic & house visits),Riyadh (district N/A),N/A,,idealpet.vetpms.com,"Clinical services, house visits, grooming",Cat haircut/shower SAR100; package SAR150
Riyadh,Lana Veterinary Clinic,عيادات لانا البيطرية التخصصية,Specialty vet clinic,King Abdullah Branch Rd / Al Quds,055 950 8097,,IG @lanavet.sa | linktr.ee/lana.vet,"Surgery, X-ray, lab, blood tests, vaccination",~13 years; multiple branches
Riyadh,VetsVan,,Mobile vet + home visits,Al Sahafa (Al Thumama Rd 13315); Northern Mathar,N/A,,vetsvan.com | IG @vets_van,"Dental cleaning, vaccines, lab tests, exams, nail trims, ear cleaning, home visits",Per-branch call center; online booking
Riyadh,Petoya Lounge,بيتويا,Cat-only boarding/hotel + lounge & grooming,Riyadh (district N/A),+966 50 357 3344,,petoya.sa | Petoyasa@gmail.com,"Cat boarding, live-stream monitoring, petting/exercise, spa/salon",KSA's first 5-star cat-only hotel
Riyadh,The Pet Salon,ذا بت صالون,Luxury grooming salon,Riyadh,N/A,,IG @thepetsalon.sa,Full grooming boutique,1st luxury pet grooming boutique in KSA (claim)
Riyadh,The Groomers,ذا قرومرز,Mobile at-home grooming + at-home vet,Riyadh (city-wide),N/A,,thegroomers.net | IG @tg_truck,"At-home bathing & grooming, mobile trucks, at-home vet",Hours 08:30-22:30
Riyadh,Groomme,قرومي,Mobile/home grooming,Riyadh (at-home),N/A,,groommesa.com,"Home baths, haircuts, nail & eye care, cat shave",From ~SAR99
Riyadh,Cat Shoop Grooming,كات شوب,Cat & dog grooming + home service,Riyadh,057 556 657,,catshoopgrooming.com,"Cat washing, grooming, nail trimming, ear cleaning, haircuts",Verify phone digits on site
Riyadh,My Pet,ماي بت,Home grooming,Riyadh (at-home),+966 50 086 6034 (WhatsApp),,IG @mypetksa,At-home pet grooming,
Jeddah,European Veterinary Clinic,العيادة البيطرية الأوروبية,Vet clinic (small-animal),Al Simat Al Taybah St, Al Andalus,+966 12 667 6330,+966 50 653 0565 (emergency),eurovetclinic.com | FB /eurovetclinic,"Consultation, vaccination, dental, surgery, grooming",Since 2005; Sat-Thu 09:00-13:00 & 17:00-21:30
Jeddah,Happy Pet Vet Clinic,عيادة هابي بت البيطرية,Vet clinic,Al-Ameer Sultan / SABA Center, Al Zahra 23522,+966 12 616 4030 | 054 991 4113,,hpvetclinic.com | IG @happypetclinic,"Consultation, vaccination, surgery, grooming",Cat consult ~SAR105
Jeddah,Cute Cat,كيوت كات,Vet clinic + mobile/home vet + store,7283 Umm Al Qoura, Al Safa,054 286 4880 | +966 56 553 7704,,cutecat.com.sa,"Home visits, exams, vaccination, virtual visits, mobile clinic, online store",Home visits 10:00-22:00; cat-focused
Jeddah,Canadian Care Veterinary Clinic,العيادة الكندية البيطرية,Vet clinic + grooming,Prince Saud Al Faisal St, Ar Rawdah,+966 50 594 9472,,,"Certified cat & dog grooming, general vet care",20+ yrs grooming; 5.0 rating
Jeddah,Cat Chic,كات شيك,Cat-only grooming + boutique + cattery,Al-Rawdah,N/A,,FB /catchicsa,"Cat bathing, flea treatment, trimming/shaving, playground, boutique",Jeddah's first cat-exclusive salon
Jeddah,Tahlia International Veterinary Clinic,عيادة التحلية البيطرية العالمية,Vet clinic,6422 Nahdat At Talim, Al Rawdah 23432,+966 12 669 5554,,FB /tivcjeddah,"General vet care, consultation, vaccination",
Jeddah,Alhamra Pet Care Clinic,عيادة الحمراء لرعاية الحيوان,Vet clinic,34/6460 Al Islam St, Al Hamra 23323,+966 54 547 7883,,alhamravet.com | FB /AlhamraPetCare,"Routine check-ups, emergency care, surgery",One of Jeddah's oldest; 4.3 rating
Jeddah,Petopia Vet Clinic,عيادة بيتوبيا لرعاية الحيوان,Vet clinic + boarding + grooming,Al Shati (King Rd); Al Bawadi (Sari St),920033654,,IG @petopia_vetclinic,"Medical care, boarding, grooming",Open 24/7
Jeddah,Pet House Veterinary Center,مركز بيت الأليف البيطري,Vet clinic,Al Marwa, Hara (Heraa) St,053 203 3919,,,Comprehensive veterinary services,
Jeddah,My Pet Clinic / MyPetsa,عيادتي البيطرية,Vet clinic,Sari St 23436,053 057 5752,,mypetsa.com | bookings@mypetsa.com | IG @mypetjed,"Vaccination, checkups, surgery, dentistry, lab, pharmacy, ultrasound, X-ray, grooming, supplies",
Jeddah,International Animal Care (IAC),العناية الدولية بالحيوان,Vet hospital + hotel + mobile grooming + shop,Jeddah (campus),9200 11 973,,iacare.sa | vet@iacare.sa | IG @iac.hospital,"Emergency & comprehensive vet care, luxury boarding & daycare, mobile grooming, pet products",Hospital open 7 days
Jeddah,Paws & Claws KSA,,Mobile pet grooming,3333 Al Hamra, Arafat St, Shahwan Center Unit 7,+966 55 009 9091 (WhatsApp),,IG @pawsandclawsksa,"Mobile cat & dog grooming (bathing, trimming)",First mobile grooming in KSA (claim)
Jeddah,Cats Care Jeddah (Dareen),فندقة قطط جدة,Cat-only boarding / cat hotel,Jeddah (home-based),050 857 4576 (WhatsApp bookings),,IG @cats_care_dareen_jeddah,Cat boarding/care,Since 2009; ~17K followers
Jeddah,Calico Cat Hotel,فندقة قطط منزلية,Cat-only cage-free boarding,Jeddah (home-based),N/A (WhatsApp via IG),,IG @calico_jed,Cage-free in-home cat boarding,Cats-only, no cages
Jeddah,Royal Vet Clinic,,Vet clinic,Safia Bint Abdulmutalib St, Al Mohammadiyah,+966 50 477 0990,,,General veterinary care,
Jeddah,Specialized Veterinary Clinic,العيادات البيطرية التخصصية,Specialty vet clinic,Muhammad bin Mahmud St, Al Safa,+966 50 535 8638,,FB /specilityvet.clinic.jeddah,Specialized veterinary care,35+ years experience
